species,name,lat,lon,weight,source
muskox,"Sigguk (Svartenhuk)",71.8328,-54.4445,5312,Areas Important to Wildlife (GINR/DCE)
muskox,"Siriuspasset",82.1516,-35.9762,2263,Areas Important to Wildlife (GINR/DCE)
muskox,"Skjoldungeelv",80.4365,-24.6569,2240,Areas Important to Wildlife (GINR/DCE)
muskox,"Schuchert Dal & Ørsted Dal",71.4843,-23.9344,1862,Areas Important to Wildlife (GINR/DCE)
muskox,"Stordal",73.8337,-22.3224,1808,Areas Important to Wildlife (GINR/DCE)
muskox,"Storstrømmen",76.9609,-22.4776,1557,Areas Important to Wildlife (GINR/DCE)
muskox,"Nares Land",82.4449,-44.7230,1011,Areas Important to Wildlife (GINR/DCE)
muskox,"Frigg Fjord",83.1430,-34.0333,697,Areas Important to Wildlife (GINR/DCE)
muskox,"Herluf Trolle Land",82.4990,-21.4097,494,Areas Important to Wildlife (GINR/DCE)
muskox,"Rødefjord",70.6860,-27.8424,484,Areas Important to Wildlife (GINR/DCE)
muskox,"Permpasset",74.5208,-19.9814,414,Areas Important to Wildlife (GINR/DCE)
muskox,"Juuluts Dal",73.0703,-25.5827,230,Areas Important to Wildlife (GINR/DCE)
narwhal,"Jokel Bugt",78.6957,-18.2701,22150,Areas Important to Wildlife (GINR/DCE)
narwhal,"Scoresby Sund",70.6885,-25.4985,18057,Areas Important to Wildlife (GINR/DCE)
narwhal,"North East Water",81.3494,-8.0834,17813,Areas Important to Wildlife (GINR/DCE)
narwhal,"Melville Bugt",75.5757,-60.7316,15931,Areas Important to Wildlife (GINR/DCE)
narwhal,"Tasiilaq area",66.1603,-36.4968,12829,Areas Important to Wildlife (GINR/DCE)
narwhal,"Dove Bugt",76.4326,-20.2885,6857,Areas Important to Wildlife (GINR/DCE)
narwhal,"Blosseville Kyst",68.9248,-26.5741,5630,Areas Important to Wildlife (GINR/DCE)
narwhal,"Inglefield Bredning",77.4267,-68.2385,2983,Areas Important to Wildlife (GINR/DCE)
narwhal,"Kangerlussuaq",68.2217,-32.1017,2459,Areas Important to Wildlife (GINR/DCE)
narwhal,"Petermann Fjord",81.3788,-62.5327,2423,Areas Important to Wildlife (GINR/DCE)
narwhal,"Young Sund",74.1097,-20.8908,2321,Areas Important to Wildlife (GINR/DCE)
narwhal,"Scoresby Sund (mouth)",70.2575,-21.6900,804,Areas Important to Wildlife (GINR/DCE)
narwhal,"Jokel Bugt",79.7039,-19.4348,3,Areas Important to Wildlife (GINR/DCE)
narwhal,"Melville Bugt",75.6436,-66.8953,0,Areas Important to Wildlife (GINR/DCE)
polarbear,"Ikeq (Køge Bugt)",65.2270,-39.4382,19450,Areas Important to Wildlife (GINR/DCE)
polarbear,"Qimusseriarsuaq (Melville Bugt)",75.8273,-61.4204,12342,Areas Important to Wildlife (GINR/DCE)
polarbear,"Vega Sund",72.6504,-22.9417,11250,Areas Important to Wildlife (GINR/DCE)
polarbear,"Dove Bugt",76.5971,-19.8430,10769,Areas Important to Wildlife (GINR/DCE)
polarbear,"Tasiilap Karra (Kap Gustav Holm)",66.4342,-35.2311,9317,Areas Important to Wildlife (GINR/DCE)
polarbear,"Blosseville Kyst",68.9117,-26.6756,8049,Areas Important to Wildlife (GINR/DCE)
polarbear,"Hochstetterbugten",75.0089,-19.1732,7078,Areas Important to Wildlife (GINR/DCE)
polarbear,"Saqqisikuik (Skjoldungen)",63.3774,-41.4862,6708,Areas Important to Wildlife (GINR/DCE)
polarbear,"Kangerlussuaq",68.1283,-31.9715,5759,Areas Important to Wildlife (GINR/DCE)
polarbear,"Liverpool Land",71.2847,-21.7849,4729,Areas Important to Wildlife (GINR/DCE)
polarbear,"Gael Hamke Bugt",73.9710,-20.7294,4707,Areas Important to Wildlife (GINR/DCE)
polarbear,"Timmiarmiit (Timmiarmiut)",62.3877,-42.2982,4430,Areas Important to Wildlife (GINR/DCE)
polarbear,"Taateraat Kangersuasiat (Kap Herluf Trolle)",61.3014,-42.5824,3967,Areas Important to Wildlife (GINR/DCE)
polarbear,"Kane Bassin",78.6393,-70.4415,3452,Areas Important to Wildlife (GINR/DCE)
polarbear,"Jøkelbugten",78.2252,-19.2896,3446,Areas Important to Wildlife (GINR/DCE)
polarbear,"Kangerlussuatsiaq (Lindenow Fjord)",60.4312,-43.2230,2889,Areas Important to Wildlife (GINR/DCE)
polarbear,"Nioghalvfjerdsfjorden",79.6226,-18.5002,2659,Areas Important to Wildlife (GINR/DCE)
polarbear,"Sineriarsua (Crimson Cliffs)",76.1014,-68.3128,1671,Areas Important to Wildlife (GINR/DCE)
polarbear,"Ingolf Fjord",80.7968,-14.5463,1569,Areas Important to Wildlife (GINR/DCE)
walrus,"Kuhn Ø",74.7962,-19.8560,876,Areas Important to Wildlife (GINR/DCE)
walrus,"Kap Carl Ritter",76.4670,-20.0128,40,Areas Important to Wildlife (GINR/DCE)
walrus,"Kinguit",67.6069,-53.7526,25,Areas Important to Wildlife (GINR/DCE)
walrus,"Kilen",80.6489,-15.6889,20,Areas Important to Wildlife (GINR/DCE)
walrus,"Hanseeraq Fjord",80.2033,-17.3752,7,Areas Important to Wildlife (GINR/DCE)
walrus,"Qallunaalik",78.3729,-72.7609,6,Areas Important to Wildlife (GINR/DCE)
walrus,"Kap Nansen",79.1446,-17.6951,3,Areas Important to Wildlife (GINR/DCE)
walrus,"Ederfugleøer",76.4956,-70.0704,0,Areas Important to Wildlife (GINR/DCE)
