name,lat,lon,type,source,tier,alt,historical
A. B. Drachmann Bræ,76.15,-24.5833,glacier,GeoNames 3424898,3,,
A. Harmsworth Gletscher,83.4,-36.3333,glacier,GeoNames 3424846,3,A. Harmsworth Brae|A. Harmsworth Bræ|Harmsworth Gletscher,
A. Schmidt Gletscher,74.0333,-22.4333,glacier,GeoNames 3424442,3,,
A.P. Bernstorf Gletscher,63.8333,-41.7167,glacier,GeoNames 3424522,3,,
Academy Gletscher,81.5,-33.5,glacier,GeoNames 3424897,3,Academy Brae|Academy Bræ|Academy Glacier,
Academy Gletscher,77.2397,-65.4389,glacier,GeoNames 3831541,3,,
Adams Gletscher,82.3,-39.75,glacier,GeoNames 3424892,3,,
Adolf Hoels Gletscher,74.0333,-26.8333,glacier,GeoNames 3424890,3,Hoels Gletscher,
Ajungilaq,73.9667,-28.8333,glacier,GeoNames 3424836,3,,
Akugdlerssûp Sermia,64.3833,-49.4667,glacier,GeoNames 3424805,3,,
Akuliarutsip Sermerssua,73.05,-28.2167,glacier,GeoNames 3424740,3,Nordenskiold Glacier|Nordenskiolds Gletscher,Nordenskiølds Gletscher
Akulleq Bræ,62.1833,-48.8167,glacier,GeoNames 3424732,3,,
Alanngorliup Sermia,68.9333,-50.1667,glacier,GeoNames 3424715,3,Alangordlek|Alangordliup Sermia|Alángordliup Sermia,
Alángorssûp Sermia,73.1667,-55.0,glacier,GeoNames 3424712,3,Alangorssup Sermia,
Alûssaq,75.9667,-66.6,glacier,GeoNames 3831524,3,Alussak|Alussaq|Alûssak,
Apusiaajik Glacier,65.6474,-37.0754,glacier,GeoNames 12207012,3,,
Apusiikajiip Ilivittarpia,62.95,-41.9667,glacier,GeoNames 3424500,3,Apusikajip Ilivitarpia|Apusîkajîp Ilivítarpia,
Apusinikajik,71.3292,-25.9078,glacier,GeoNames 13156591,3,,
Apusêrajik,66.2,-38.0,glacier,GeoNames 3424504,3,,
Apusêrajik,66.0333,-36.3167,glacier,GeoNames 3424505,3,,
Argand Gletscher,72.6833,-25.9667,glacier,GeoNames 3424468,3,,
Astrup Gletscher,82.05,-38.0,glacier,GeoNames 3424431,3,Astrup Brae,
Avangnardliup Sermia,66.05,-52.5,glacier,GeoNames 3424363,3,,
Avannarleq Bræ,62.2333,-48.9667,glacier,GeoNames 3424349,3,Avangnardleq Bra|Avangnardleq Bræ|Avannarleq Brae,
Balder Gletscher,82.9167,-31.3333,glacier,GeoNames 3424317,3,,
Bamse Gletscher,78.0333,-72.25,glacier,GeoNames 3831509,3,Bamse Brae|Bamse Bræ,
Bartholin Bræ,69.75,-24.3,glacier,GeoNames 3424312,3,Bartholin Brae|Bartholins Glacier,
Belgrave Gletscher,80.9833,-60.0,glacier,GeoNames 3424297,3,,
Berlingske Gletscher,76.9853,-69.3258,glacier,GeoNames 3831503,3,Berlingskes Brae,
Bersærkerbræ,72.1333,-24.6167,glacier,GeoNames 3424284,3,,
Bertelsen Gletscher,83.35,-27.25,glacier,GeoNames 3424283,3,,
Bjarke Gletscher,63.2833,-41.4667,glacier,GeoNames 3424272,3,,
Bjerring Pedersen Gletscher,70.7333,-21.8667,glacier,GeoNames 3424271,3,,
Bjørnegletscher,80.75,-18.1667,glacier,GeoNames 2760361,3,,
Bjørnegletscher,66.9,-36.75,glacier,GeoNames 3424266,3,,
Blæsebræ,78.5333,-21.4167,glacier,GeoNames 3424253,3,,
Borg Jøkel,76.6703,-24.2721,glacier,GeoNames 3424220,3,Borg Glacier|Borg Jokel|Borg Jokel Glacier|Borg Jökel Glacier|Borgarjoekull|Borgarjökull,
Borgbjerg Gletscher,71.65,-25.85,glacier,GeoNames 3424226,3,,
Borggraven,68.75,-28.1,glacier,GeoNames 3424222,3,Borggraven Glacier,
Borup Gletscher,83.35,-29.25,glacier,GeoNames 3424215,3,,
Bowdoin Gletscher,77.7206,-68.5494,glacier,GeoNames 3831492,3,Bowdoin Brae,
Bredebræ,76.6,-22.8333,glacier,GeoNames 3424200,3,Brede Glacier|Bredebrae,
Brother John Gletscher,78.2833,-72.2833,glacier,GeoNames 3831490,3,Brother John Brae,
Bryant Gletscher,77.5167,-69.3667,glacier,GeoNames 3831488,3,,
Brystværnene,73.0333,-28.0667,glacier,GeoNames 3424168,3,,
Brückner Gletscher,65.9333,-38.45,glacier,GeoNames 3424176,3,,
Bu Gletscher,78.0833,-72.2833,glacier,GeoNames 3831486,3,Bu Brae|Bu Bræ,
Budolfi Isstrøm,76.3333,-24.5,glacier,GeoNames 3424164,3,Budolfi Brae|Budolfi Glacier|Budolfi Isstrom,
Bussemandgletscher,65.6833,-38.7333,glacier,GeoNames 3424159,3,Bussemanadgletscher,
C. H. Ostenfeld Gletscher,81.7167,-44.1667,glacier,GeoNames 3424124,3,Ostenfeld Gletscher,
Canongletscher,75.4667,-22.7,glacier,GeoNames 3424147,3,,
Cecil Gletscher,80.7833,-61.3667,glacier,GeoNames 3831477,3,,
Chamberlin Gletscher,76.6942,-68.3314,glacier,GeoNames 3831475,3,Chamberlin Brae|Chamberlin Bræ,
Champs Élysées Gletscher,66.7167,-36.0833,glacier,GeoNames 3424131,3,Champs Elysees Gletscher|Glacier des Champs-Elysees|Glacier des Champs-Elysées,
Charpentier Gletscher,72.9667,-27.95,glacier,GeoNames 3424126,3,,
Chield Gletscher,78.1,-72.5667,glacier,GeoNames 3831473,3,Child Brae|Child Bræ,
Christian IV Gletscher,68.9167,-30.5,glacier,GeoNames 3424117,3,Christian IV's Gletscher|Christian IV’s Gletscher|Christian den Fjerde Gletscher|Christian den IVs Gletscher,
Clements Markham Gletscher,77.9667,-71.8,glacier,GeoNames 3831471,3,Markham Brae|Markham Bræ,
Copeland Gletscher,74.6167,-22.3667,glacier,GeoNames 3426148,3,Copeland Gletsher,
Cornell Gletscher,74.2333,-56.0,glacier,GeoNames 3424095,3,Cornell Brae|Cornell Bræ|Cornell Glacier|Ikigssup Sermerssua|Ikigssûp Sermerssua,
Courtauld Gletscher,68.6,-32.0,glacier,GeoNames 3424090,3,Courtaulds Gletscher,
Daugård-Jensen Gletscher,71.7667,-29.25,glacier,GeoNames 3424063,3,Daugaard-Jensen Gletscher|Daugard-Jensen Gletscher,
Depotgletscher,80.2667,-17.1667,glacier,GeoNames 2760344,3,,
Diebitsch Gletscher,77.95,-71.5833,glacier,GeoNames 3831460,3,,
Dietrichson Gletscher,75.4667,-58.0,glacier,GeoNames 3424035,3,Dietrichson Brae|Dietrichson Bræ,
Dodge Gletscher,78.1667,-72.6667,glacier,GeoNames 3831456,3,Crystal Palace Brae|Crystal Palace Bræ|Dodge Brae,
Dråbegletscher,80.6333,-19.9333,glacier,GeoNames 2760339,3,Draabegletscher|Drabegletscher,
Dråben Gletscher,80.6333,-20.0,glacier,GeoNames 2760338,3,,
Dukkegletscher,73.8667,-25.6667,glacier,GeoNames 3423994,3,,
Dybe Rende,66.1833,-52.85,glacier,GeoNames 3423985,3,,
Døcker Smith Gletscher,76.27,-61.9061,glacier,GeoNames 3831458,3,Docker Smith Gletscher|Docker Smiths Brae|Docker Smiths Bræ,
Edward Bailey Glacier,71.2,-26.1564,glacier,GeoNames 13156584,3,,
Eielson Gletscher,71.25,-29.0,glacier,GeoNames 3423972,3,,
Ejnar Mikkelsen Gletscher,75.6667,-22.4667,glacier,GeoNames 3423965,3,Ejnar Mikkelsens Gletscher,
Emmanuel Gletscher,70.85,-21.9,glacier,GeoNames 3423949,3,Emmanual Gletscher,
Eqip Sermia,69.8167,-50.0667,glacier,GeoNames 3423889,3,Eqip Glacier,
Evers Gletscher,73.6333,-29.3333,glacier,GeoNames 3423862,3,,
Eyvind Fjeld Gletscher,74.1333,-26.9167,glacier,GeoNames 3423858,3,,
Faith Gletscher,80.8667,-61.3333,glacier,GeoNames 3831441,3,,
Fan Gletscher,77.5667,-69.6667,glacier,GeoNames 3831440,3,,
Farquhar Gletscher,77.6989,-66.2819,glacier,GeoNames 3831439,3,Farquhar Brae|Farquhar Bræ,
Femstjernen,66.65,-36.6667,glacier,GeoNames 3423837,3,Femstjernen Gletscher,
Fenrisgletscher,66.4833,-37.6333,glacier,GeoNames 3423836,3,,
Fimbulgletscher,63.9333,-41.5167,glacier,GeoNames 3423832,3,,
Forbindelsegletscher,68.1667,-31.6333,glacier,GeoNames 3423801,3,Forbindelsesgletscher,
Franche Comté Gletscher,66.6167,-36.7667,glacier,GeoNames 3423783,3,Franche Comte Gletscher|Glacier de Franche-Comte|Glacier de Franche-Comté,
Frederiksborg Gletscher,68.4667,-31.6833,glacier,GeoNames 3423773,3,Frederiksborg Glacier,
Frederikshåb Isblink,62.5421,-50.005,glacier,GeoNames 3423770,3,Frederickshaab Isblink|Frederikshaab Ice Field|Frederikshaabs Glacier|Frederikshab Isblink,
Fulach Gletscher,72.9333,-27.0167,glacier,GeoNames 3423753,3,,
Gade Gletscher,76.3669,-62.8319,glacier,GeoNames 3831423,3,Gade Glacier|Gades Brae|Gades Bræ,
Gaflen,80.5833,-20.2167,glacier,GeoNames 3423738,3,,
Gammel Hellerup Gletscher,78.65,-22.1667,glacier,GeoNames 3423733,3,,
Garm,63.0833,-42.4833,glacier,GeoNames 3423722,3,,
Gerard De Geer Gletscher,73.6833,-27.4167,glacier,GeoNames 3423702,3,De Geer Gletscher|Gerard De Gee Gletscher,
Gerd Gletscher,63.7,-40.8833,glacier,GeoNames 3423701,3,,
Giesecke Bræer,73.5833,-55.25,glacier,GeoNames 3423694,3,Giesecke Braeer|Gieseckes Braer|Gieseckes Bræer|Gieseckes Glacier,
Gino Gletscher,68.9667,-29.9167,glacier,GeoNames 3423690,3,,
Gjallerbroen,63.8,-40.6667,glacier,GeoNames 3423689,3,,
Glacier de France,66.5167,-36.2,glacier,GeoNames 3423784,3,,
Grantagletscher,74.3333,-22.9167,glacier,GeoNames 3423660,3,,
Gregory Gletscher,73.1667,-28.35,glacier,GeoNames 3423649,3,,
Grete Gletscher,70.6333,-22.05,glacier,GeoNames 3423646,3,,
Gronau Gletscher,69.4333,-30.55,glacier,GeoNames 3423638,3,,
Gråulv,64.35,-41.5167,glacier,GeoNames 3423656,3,Graaulv|Graulv,
Grønlands Styrelse Gletscher,69.5,-29.7167,glacier,GeoNames 3423636,3,,
Guldfaxe,63.2167,-42.5,glacier,GeoNames 3423622,3,,
Gullygletscher,72.1167,-25.1667,glacier,GeoNames 3423617,3,,
Gymer Gletscher,63.7,-40.75,glacier,GeoNames 3423604,3,,
Hamberg Gletscher,73.5333,-29.0,glacier,GeoNames 3423590,3,,
Hann Gletscher,65.8667,-38.3667,glacier,GeoNames 3423574,3,,
Hannes Glacier,71.166,-25.7248,glacier,GeoNames 13156588,3,,
Hans Gletscher,70.6667,-22.1333,glacier,GeoNames 3423570,3,,
Harder Gletscher,81.8,-44.0,glacier,GeoNames 3423564,3,,
Hart Gletscher,77.6881,-67.1533,glacier,GeoNames 3831407,3,,
Hausmann Gletscher,74.05,-22.5333,glacier,GeoNames 3423547,3,,
Hayes Gletscher,74.95,-57.0833,glacier,GeoNames 3423543,3,Hayes Brae|Hayes Braeer|Hayes Bræer,
Heilprin Gletscher,77.5244,-65.6694,glacier,GeoNames 3831402,3,Heilprin Brae,
Heim Gletscher,65.9833,-38.45,glacier,GeoNames 3423535,3,,
Heimdal Gletscher,62.9333,-42.75,glacier,GeoNames 3423536,3,,
Heinkel Gletscher,75.15,-22.75,glacier,GeoNames 3423534,3,Heinkels Gletscher,
Helheimgletscher,66.35,-38.2,glacier,GeoNames 3423529,3,Helheim|Helheim Glacier,
Helland Gletscher,76.2019,-64.7958,glacier,GeoNames 3831400,3,Hellands Brae,
Henson Gletscher,82.35,-40.3333,glacier,GeoNames 3423514,3,,
Hiawatha Gletscher,78.8283,-67.0439,glacier,GeoNames 3831396,3,Hiawatha Brae,
Hisinger Gletscher,72.75,-27.8333,glacier,GeoNames 3423495,3,,
Hjalte Gletscher,63.3,-41.2833,glacier,GeoNames 3423493,3,,
Hjørne Gletscher,80.75,-20.0833,glacier,GeoNames 3423483,3,,
Hobbs Gletscher,81.9333,-36.5,glacier,GeoNames 3423480,3,Hobbs Brae,
Hobbs Gletscher,65.7833,-38.25,glacier,GeoNames 3423481,3,,
Hubbard Gletscher,77.5661,-67.7556,glacier,GeoNames 3831393,3,Hubbard Brae|Hubbard Bræ,
Hubert Gletscher,80.9333,-59.75,glacier,GeoNames 3423434,3,,
Hugh Lee Gletscher,81.9333,-29.3333,glacier,GeoNames 3423432,3,Hugh Lee Braeen|Hugh Lee Bræen|Lee Gletscher,
Hurlbut Gletscher,77.3667,-67.9833,glacier,GeoNames 3831391,3,Hurlbut Brae|Hurlbut Bræ,
Hutchinson Gletscher,68.1167,-32.9167,glacier,GeoNames 3423415,3,Hutchinsons Gletscher,
Håbet Gletscher,66.35,-36.1333,glacier,GeoNames 3423603,3,,
Idrac Gletscher,66.1167,-36.1,glacier,GeoNames 3423397,3,,
Igdluluarssuit Gletscher,77.8,-71.0,glacier,GeoNames 3831386,3,,
Igssûssarssuit Sermia,76.0597,-60.6847,glacier,GeoNames 3831385,3,,
Ilertak,66.3833,-35.8667,glacier,GeoNames 3423205,3,Ilectak,
Illullip Sermia,74.4,-56.0,glacier,GeoNames 3423172,3,Igdlugdlip Sermia,
Inngia,72.0167,-53.2,glacier,GeoNames 3423069,3,Ingia|Íngia,
Inngia Isbræ,72.1333,-52.45,glacier,GeoNames 3423066,3,Ingia Isbra|Ingia Isbræ|Inngia Isbrae,
Inuppaat Quuat,67.5167,-49.9167,glacier,GeoNames 3423040,3,Inugpait Quat|Inugpait Qûat,
Irisgletscher,74.2167,-23.4167,glacier,GeoNames 3423012,3,,
Isfaldgletscher,68.8,-31.0167,glacier,GeoNames 3422998,3,,
Isunnguata Sermia,67.1833,-50.1667,glacier,GeoNames 3422961,3,Isunguata Sermia|Isúnguata Sermia,Russell Glacier
Iterdlagssûp Qíngua,77.83,-69.3681,glacier,GeoNames 3831366,3,Iterdlagssup Qingua|Sun Brae|Sun Bræ,Sun Gletscher
Ivar Berendsen Gletscher,76.9372,-70.0936,glacier,GeoNames 3831363,3,Ivar Berendsens Brae|Ivar Berendsens Bræ,
J. P. Koch Gletscher,68.0833,-50.3,glacier,GeoNames 3422754,3,,
James Gletscher,60.5667,-44.4167,glacier,GeoNames 3422801,3,,
Jespersen Bræ,61.0,-45.0,glacier,GeoNames 12524875,3,,
Johannes Bræ,71.5833,-51.6333,glacier,GeoNames 3422778,3,,
Jomfruen,63.6,-41.75,glacier,GeoNames 3422767,3,,
Josephine Gletscher,81.9333,-29.0,glacier,GeoNames 3422759,3,,
Jungersen Gletscher,82.2167,-41.75,glacier,GeoNames 3422746,3,Jungersens Gletscher,
Juragletscheren,66.75,-37.1,glacier,GeoNames 3422745,3,Glacier du Jura,
Jættegletscher,73.3833,-28.0,glacier,GeoNames 3422815,3,,
K.I.V. Steenstrups Nordre Bræ,66.6167,-34.9167,glacier,GeoNames 3422371,3,K.I.V. Steenstrups Nordre Brae|K.I.V. Steenstrups North Glacier|Steenstrups Nordre Bra|Steenstrups Nordre Bræ,
K.I.V. Steenstrups Søndre Bræ,66.6,-35.0833,glacier,GeoNames 3422370,3,K.I.V. Steenstrups Sondre Brae|K.I.V. Steenstrups South Glacier|Steenstrups Sondre Brae|Sulugsut|Sulugsût,
Kaarali Gletscher,66.1,-36.7,glacier,GeoNames 3422741,3,Karale Gletscher|Kârale Gletscher,
Kagtilersarpia,66.45,-35.6333,glacier,GeoNames 3422733,3,,
Kakivfait Sermiat,73.4833,-55.25,glacier,GeoNames 3422724,3,,
Kamelgletscher,70.0833,-22.4333,glacier,GeoNames 3422712,3,,
Kangaussarssûp Sermia,64.15,-49.75,glacier,GeoNames 3422675,3,,
Kangerluarsuup Sermia,71.2167,-51.4,glacier,GeoNames 3422648,3,Kangerdluarssup Sermia|Kangerdluarssûp Sermia,
Kangerlussuaq Gletscher,68.6,-32.8833,glacier,GeoNames 3422597,3,Kangerdlugssuaqs Gletscher,
Kangiata Nunâta Sermia,64.25,-49.5,glacier,GeoNames 3422578,3,,
Kangilernata Sermia,69.9333,-50.1333,glacier,GeoNames 3422562,3,Kangilerngata Sermia,
Kangilleq,70.7333,-50.6,glacier,GeoNames 3422550,3,Kangigdleq Glacier|Kangigdleq Isbrae,
Kangilliup Sermia,71.8,-51.3333,glacier,GeoNames 3420295,3,Kangigdleq|Kangigdliup Sermia|Rink Brae|Rink Isbrae,Rink Isbræ
Kangilínguata Sermia,64.85,-49.85,glacier,GeoNames 3422552,3,,
Kiattuut Sermiat,61.2667,-45.2667,glacier,GeoNames 3422471,3,Kiagtut Sermiat|Kiagtût Sermiat|Kiatut Brae|Kiatût Brae,
Kissel Gletscher,77.4333,-72.2167,glacier,GeoNames 3831335,3,,
Kjer Gletscher,75.0833,-57.6667,glacier,GeoNames 3422368,3,Kjaers Brae|Kjærs Bræ,
Kløftgletscher,74.6,-22.2333,glacier,GeoNames 3426147,3,,
Knud Rasmussen Gletscher,66.15,-36.2,glacier,GeoNames 3422344,3,Knud Rasmussen Glacier|Knud Rasmussens Gletscher,
Knud Rasmussen Gletscher,76.7361,-67.8153,glacier,GeoNames 3831331,3,Knud Rasmussens Brae|Knud Rasmussens Bræ,
Kofoed-Hansen Bræ,77.5833,-21.8333,glacier,GeoNames 3422333,3,Hansens Bra|Hansens Bræ|Kofoed Hansen Brae|Kofoed-Hansen Brae|Kofoed-Hansen Glacier,
Kong Oscar Gletscher,76.0,-59.8333,glacier,GeoNames 3422317,3,Kong Oscar Brae|Kong Oscar Bræ,
Korridoren,68.7833,-30.1667,glacier,GeoNames 3422306,3,,
Kristian Gletscher,66.8,-36.0,glacier,GeoNames 3422297,3,Glacier Kristian|Kristians Gletscher,
Kronborg Gletscher,68.75,-28.6167,glacier,GeoNames 3422295,3,Kronborg Glacier,
Kursbræen,76.5546,-24.5974,glacier,GeoNames 3422216,3,,
Kælvegletscher,68.3333,-32.5833,glacier,GeoNames 3422739,3,,
L. Bistrup Bræ,76.25,-23.25,glacier,GeoNames 3422122,3,L. Bistrup Brae|L. Bistrup Glacier|L. Bistrups Bra|L. Bistrups Bræ,
Langenthaler Gletscher,72.7667,-27.4,glacier,GeoNames 3422142,3,,
Laubes Gletscher,66.95,-34.1833,glacier,GeoNames 3422129,3,Laubes Glacier,
Lavinegletscher,73.2,-28.0667,glacier,GeoNames 3422124,3,,
Leidy Gletscher,77.2672,-66.0425,glacier,GeoNames 3831326,3,,
Lejrgletscher,73.2333,-28.0,glacier,GeoNames 3422117,3,,
Lemon Bræ,64.7167,-40.5667,glacier,GeoNames 3422111,3,Lemon Brae|Lemons Bra|Lemons Bræ,
Lille Gletscher,70.55,-50.5,glacier,GeoNames 3422094,3,Lille Karajak Brae|Lille Karajak Bræ|Lille Karajaks Isbrae|Lille Karajaks Isbræ|Lille Qarajaq Brae|Lille Qarajaq Bræ,
Lillegletscher,75.9667,-22.4167,glacier,GeoNames 3422093,3,,
Louise Gletscher,73.5333,-27.4333,glacier,GeoNames 3422070,3,Louises Glacier,
Lurgletscher,82.7,-39.0,glacier,GeoNames 3422059,3,,
Lyngbræ,66.2167,-52.7333,glacier,GeoNames 3422054,3,,
Lyngmarkbræen,69.3333,-53.6167,glacier,GeoNames 3422052,3,Lyngksbraeen|Lyngmarkbraeen|Lyngmarks Glacier|Lyngmarksbra|Lyngmarksbræ,
Lystergletscher,73.2333,-27.7833,glacier,GeoNames 3422049,3,,
MacMillan Gletscher,83.4,-33.5,glacier,GeoNames 3422043,3,,
Mallemukgletscher,80.3,-17.0,glacier,GeoNames 2760268,3,,
Marie Gletscher,77.2047,-66.0681,glacier,GeoNames 3831309,3,Marre Gletscher,
Marie Sophie Gletscher,81.8,-35.0,glacier,GeoNames 3421955,3,Marie Sophia Braeen|Marie Sophia Bræen,
Marmot Valley Glacier,71.185,-25.7337,glacier,GeoNames 13156590,3,,
Meehan Gletscher,77.8833,-70.2142,glacier,GeoNames 3831303,3,Meehan Brae|Meehan Bræ|Meehan Glacier,
Melville Gletscher,77.7358,-66.6558,glacier,GeoNames 3831300,3,Melville Brae,
Mercanton Gletscher,73.0,-27.8833,glacier,GeoNames 3421914,3,,
Midgårdsgletscher,66.3833,-36.8833,glacier,GeoNames 3421899,3,Midgaardgletscher|Midgardgletscher|Midgardsgletscher|Midgârdgletscher,
Milano Gletscher,70.0833,-22.9,glacier,GeoNames 3421890,3,,
Misûmassoq,77.2247,-69.9644,glacier,GeoNames 3831295,3,Misumassok Gletscher|Misumassoq|Misumassoq Gletscher|Misûmassok Gletscher,
Mittivakkat Glacier,65.6938,-37.8275,glacier,GeoNames 12207011,3,,
Mohn Gletscher,76.2675,-63.6772,glacier,GeoNames 3831293,3,Mohn Brae|Mohn Bræ,
Moore Gletscher,83.3667,-28.25,glacier,GeoNames 3421856,3,,
Morell Gletscher,76.2847,-62.5275,glacier,GeoNames 3831291,3,Morell Brae|Morell Bræ,
Morris Jesup Gletscher,77.9336,-70.9003,glacier,GeoNames 3831288,3,Jesup Brae,
Mågegletscher,80.55,-17.0,glacier,GeoNames 2760270,3,,
Månegletscher,70.1667,-24.1667,glacier,GeoNames 3422001,3,,
Nakaissorssuaq,63.0667,-49.5833,glacier,GeoNames 3421789,3,Naujarssuit|Naujarsuit,
Nansen Gletscher,75.75,-58.75,glacier,GeoNames 3421759,3,Nansen Brae|Nansen Bræ,
Narsap Sermia,64.6833,-49.75,glacier,GeoNames 3421724,3,Narssap Sermia,
Nigerlikasik Bræ,62.1,-48.7333,glacier,GeoNames 3421546,3,Nigerdlikasik Bra|Nigerdlikasik Bræ|Nigerlikasik Brae,
Nioghalvfjerdsbrae,79.5,-21.5,glacier,GeoNames 3421535,3,Nioghalvfjerdsfjord|Nioghalvfjerdsfjorden|Seventy-nine Fjord,
Nippoldt Gletscher,74.0333,-22.5,glacier,GeoNames 3421528,3,,
Nord Gletscher,72.2333,-28.9,glacier,GeoNames 3421488,3,,
Nordenskiöld Gletscher,75.8,-59.0,glacier,GeoNames 3421501,3,Nordenskiold Brae|Nordenskiold Gletscher|Nordenskiolds Gletscher|Nordenskiöld Brae|Nordenskiölds Gletscher,
Nordenskiöld Gletscher,68.3333,-51.1667,glacier,GeoNames 3421502,3,Akuliarutsip Sermerssua|Nordenskiold Gletscher|Nordenskjolds Glacier|Nordenskjolds Isbrae|Nordenskjölds Isbrae,
Nordfjord Gletscher,68.7,-32.6667,glacier,GeoNames 3421492,3,,
Nordre Syenitgletscher,68.3167,-32.4167,glacier,GeoNames 3421466,3,,
Nordre Tvillinggletscher,76.7167,-67.05,glacier,GeoNames 3831267,3,,
Nunatakavsaup Sermia,74.6167,-56.25,glacier,GeoNames 3421374,3,,
Nunatakavsaup Sermia,73.2667,-55.0,glacier,GeoNames 3421375,3,,
Nunatakgletscher,74.0,-26.0833,glacier,GeoNames 3421373,3,,
Nyeboe Gletscher,81.8,-36.25,glacier,GeoNames 3421289,3,Nyeboes Gletscher,
Paris Gletscher,66.8333,-36.8667,glacier,GeoNames 3421140,3,Glacier de Paris,
Parish Gletscher,77.4167,-72.0333,glacier,GeoNames 3831241,3,,
Pasterze,74.6833,-22.6,glacier,GeoNames 3421131,3,,
Payer Gletscher,73.1333,-26.4667,glacier,GeoNames 3421121,3,,
Peary Gletscher,76.1222,-60.4692,glacier,GeoNames 3831235,3,Peary Brae|Peary Bræ|Pearys Gletscher,
Perlerfiup Sermia,70.9833,-50.8333,glacier,GeoNames 3421104,3,Ingerits Isbrae|Ingnerit|Ingnerit Brae|Perdlerfiup Sermia,Ingnerit Bræ
Petermann Gletscher,80.5,-59.5,glacier,GeoNames 3421093,3,Petermann Glacier|Petermanns Gletscher,
Pinguarsuit Sermiat,76.6939,-68.7411,glacier,GeoNames 3831228,3,Pinguarssuit Sermiat|Salesbury Brae|Salesbury Bræ|Salesbury Gletscher,Salisbury Gletscher
Pituffik Gletscher,76.2425,-68.7511,glacier,GeoNames 3831223,3,Petowick Glacier|Petowik Brae|Petowik Gletscher|Pitugfik|Pitugfik Gletscher,
Politiken Bræ,77.0817,-69.7344,glacier,GeoNames 3831219,3,,
Pony Gletscher,76.4885,-25.049,glacier,GeoNames 12104924,3,,
Porsild Gletscher,80.65,-59.0,glacier,GeoNames 3421038,3,,
Portgletscher,73.1833,-27.85,glacier,GeoNames 3421033,3,,
Pourquoi Pas Gletscher,66.6333,-36.0,glacier,GeoNames 3421018,3,,
Puisortoq,61.95,-42.2833,glacier,GeoNames 3420988,3,Puisortok|Puisortok Glacier,
Qaanaaq Gletscher,77.5,-69.2333,glacier,GeoNames 3831207,3,Kanad Gletscher|Kanâd Gletscher|Qanaq Gletscher|Qânâq Gletscher,
Qamanârssûp Sermia,64.4833,-49.5,glacier,GeoNames 3420889,3,,
Qapiarfiup Sermia,65.5833,-52.2,glacier,GeoNames 3420868,3,,
Qaqortaq Gletscher,77.65,-68.9,glacier,GeoNames 3831202,3,Kankoklah Brae|Kankoklah Bræ|Kankoklah Gletscher|Kankolah Gletscher|Krakokta Glacier,
Qavdlunâtsiait,65.05,-49.8167,glacier,GeoNames 3420717,3,Kavdlunatsiait|Qavdlunatsiait,
Qeqertarsuup Sermia,73.6,-55.5,glacier,GeoNames 3420624,3,Qeqertarssup Sermia|Qeqertarssûp Sermia,
Qiporqaq,60.3167,-43.9167,glacier,GeoNames 3420489,3,,
Qungulertusup Sermia,71.3333,-53.0,glacier,GeoNames 3420381,3,Qungulertussup Sermia,
Rampen,76.7761,-67.0297,glacier,GeoNames 3831170,3,,
Riddergletscher,73.0667,-27.6167,glacier,GeoNames 3420307,3,,
Rimfaxe,63.3,-42.4167,glacier,GeoNames 3420302,3,,
Rink Gletscher,76.1994,-61.1508,glacier,GeoNames 3831165,3,Rink Brae|Rink Bræ|Rinks Gletscher,
Robin Gletscher,77.4167,-71.9167,glacier,GeoNames 3831162,3,,
Rolige Bræ,70.5667,-29.0,glacier,GeoNames 3420264,3,Rolige Brae|Rolige Gletscher,
Roma Gletscher,70.0667,-22.7333,glacier,GeoNames 3420263,3,,
Rosenborg Gletscher,68.65,-29.5,glacier,GeoNames 3420255,3,Rosenborg Glacier,
Rumleren,63.4333,-41.95,glacier,GeoNames 3420246,3,,
Rungstedsgletscher,74.0333,-22.6667,glacier,GeoNames 3420242,3,,
Ryder Gletscher,81.6333,-49.1667,glacier,GeoNames 3420235,3,,
Rypegletscher,73.0167,-28.1667,glacier,GeoNames 3420225,3,,
Røskva Gletscher,63.65,-41.05,glacier,GeoNames 3420253,3,,
Saqqarliup Sermia,68.9,-50.3333,glacier,GeoNames 3420047,3,Sarqardliup Glacier|Sarqardliup Sermia,
Savage Gletscher,77.2017,-69.2483,glacier,GeoNames 3831149,3,,
Savissuaq Gletscher,76.1972,-65.2625,glacier,GeoNames 3831145,3,Savigssuak Gletscher|Savigssuaq Gletscher|Saviksuak Brae|Saviksuak Bræ|Saviksuak Gletscher,
Scarlet Heart Gletscher,77.6631,-69.4331,glacier,GeoNames 3831143,3,Gletscher of the Scarlet Heart,
Schjelderup Gletscher,68.25,-30.9833,glacier,GeoNames 3420008,3,,
Sefstrøm Gletscher,72.0667,-25.3333,glacier,GeoNames 3419994,3,,
Sekstende September Gletscher,66.2667,-36.5,glacier,GeoNames 3419989,3,16 September Gletscher|16. September Gletscher,
Sermeq Avannarleq,71.0333,-50.8333,glacier,GeoNames 3424350,3,Sermeq Avangnardleq,
Sermeq Avannarleq,70.1167,-50.2,glacier,GeoNames 3424351,3,Avangnardleq Glacier|Sermeq Avangnardleq,
Sermeq Avannarleq,69.4,-50.25,glacier,GeoNames 3424352,3,Sermeq Avangnardleq,
Sermeq Avannarleq,60.2167,-43.3333,glacier,GeoNames 3424353,3,Sermeq Avangnardleq,
Sermeq Avannarleq,60.1516,-43.5145,glacier,GeoNames 3424354,3,Sermeq Avangnardleq,
Sermeq Kujalleq,69.9833,-50.1167,glacier,GeoNames 3422243,3,Kujatdleq Glacier|Sermeq Kujatdleq,
Sermeq Kujalleq,60.25,-43.25,glacier,GeoNames 3422244,3,Sermeq Kujatdleq,
Sermeq Kujalleq,60.1055,-43.3692,glacier,GeoNames 3422245,3,Sermeq Kujatdleq,
Sermeq Kujalleq,69.1667,-49.9167,glacier,GeoNames 3422808,3,Jakobshavn Bra|Jakobshavn Bræ|Jakobshavn Isbrae|Sermeq Kujatdleq,Jakobshavn Isbræ
Sermeq Qerqardleq,60.2333,-43.2667,glacier,GeoNames 3420580,3,,
Sermeq Qiterleq,71.3167,-53.0,glacier,GeoNames 3420481,3,Sermeq Qiterdleq,
Sermeq Silarleq,70.8333,-50.75,glacier,GeoNames 3419903,3,Itivdliarsuk Brae|Itivdliarsuks Isbrae|Itivdliarsuks Isbræ|Sigssortartoq,Itivdliarsuk Bræ
Sermerssuaq,72.0167,-55.3333,glacier,GeoNames 3419974,3,,
Sermersuak,76.6011,-67.7994,glacier,GeoNames 3831409,3,Harald Moltke Brae|Moltke Glacier|Moltkes Brae|Moltkes Gletsjer|Sermerssuak|Uvdlip Sermia,Harald Moltke Bræ
Sermersuaq,79.5,-62.9981,glacier,GeoNames 3831392,3,Humboldt Brae|Humboldt Glacier,Humboldt Gletscher
Sermiarssuk,76.08,-66.0467,glacier,GeoNames 3831136,3,,
Sermikassak,71.0333,-51.7,glacier,GeoNames 3419965,3,Sermikavsak,
Sermikavsak,72.1333,-53.9,glacier,GeoNames 3419963,3,,
Sermikavsak,71.3667,-51.8333,glacier,GeoNames 3419964,3,,
Sermilik,70.6667,-50.5333,glacier,GeoNames 3419951,3,Sermilik Brae,
Sermilik,63.6,-50.0,glacier,GeoNames 3419952,3,,
Serminnguaq,71.2167,-52.9333,glacier,GeoNames 3419944,3,Sermikavsak|Sermikavsâk|Serminguaq|Sermínguaq,
Serminnguaq,71.1833,-52.7833,glacier,GeoNames 3419945,3,Serminguak|Serminguaq|Sermínguaq,
Sermipaluk,76.0822,-68.0286,glacier,GeoNames 3831133,3,Agpat Sermipalaut|Agpat Sermipaluat,
Sermipaluk,76.0333,-65.5833,glacier,GeoNames 3831134,3,,
Sermipaluk,75.9397,-66.5231,glacier,GeoNames 3831135,3,Sernipaluk,
Sermitsiaq,66.0833,-52.0667,glacier,GeoNames 3419939,3,,
Sermitsiaq,63.3333,-50.3333,glacier,GeoNames 3419940,3,,
Sermitsiaq,60.5167,-44.3333,glacier,GeoNames 3419941,3,,Dana Gletscher
Sermínguaq,66.35,-52.55,glacier,GeoNames 3419946,3,,
Sfinxgletscher,70.05,-22.4667,glacier,GeoNames 3419929,3,,
Shark’s Teeth Glacier,71.2464,-25.9638,glacier,GeoNames 13156587,3,,
Sharp Gletscher,77.7047,-66.9775,glacier,GeoNames 3831132,3,,
Sidegletscher,68.35,-31.8833,glacier,GeoNames 3419921,3,,
Sif Glacier,83.3333,-31.5,glacier,GeoNames 3419919,3,,
Sigurd Berg Gletscher,80.8,-59.5,glacier,GeoNames 3419910,3,Berg Gletscher,
Sigyn Gletscher,63.5833,-41.25,glacier,GeoNames 3419909,3,,
Skaktgletscher,66.4833,-37.8667,glacier,GeoNames 3419825,3,,
Skeen,80.6167,-20.0667,glacier,GeoNames 3419812,3,,
Skillegletscher,74.3,-20.9667,glacier,GeoNames 3426142,3,,
Skinfaxe,63.4167,-42.0,glacier,GeoNames 3419800,3,,
Skjoldmøen,63.4667,-41.7333,glacier,GeoNames 3419797,3,,
Skjoldungebræ,72.2667,-24.7167,glacier,GeoNames 3419795,3,,
Skråbræ,73.9833,-28.3667,glacier,GeoNames 3419788,3,Skraabra|Skraabræ|Skrabrae,
Sleipner,63.8833,-41.4167,glacier,GeoNames 3419779,3,,
Sonklargletscher,73.1167,-26.1,glacier,GeoNames 3419711,3,,
Soqqaap Sermia,70.45,-51.8167,glacier,GeoNames 3419705,3,Sorqaup Sermia,
Soranerbræen,76.1833,-21.9167,glacier,GeoNames 3419710,3,Soraner Glacier|Soranerbraeen,
Sorgenfri Gletscher,68.5,-30.9667,glacier,GeoNames 3419706,3,Sorgenfri Glacier,
Sortebræ,68.8833,-27.1667,glacier,GeoNames 3419702,3,Black Ice Bank|Sortebrae,
Spærregletscher,80.5667,-19.4167,glacier,GeoNames 2760188,3,,
Spærregletscher,71.9667,-25.5333,glacier,GeoNames 3419684,3,,
Steensby Gletscher,81.4,-53.0,glacier,GeoNames 3419664,3,,
Steenstrup Gletscher,75.3167,-57.8333,glacier,GeoNames 3419661,3,Sermerssuak|Steenstrup Braeer|Steenstrup Bræer|Steenstrups Brae|Steenstrups Bræ|Steenstrups Glacier|Steenstrups Gletscher,
Stejlegletscher,73.0833,-26.8,glacier,GeoNames 3419657,3,,
Stejlgletscher,75.5667,-22.6333,glacier,GeoNames 3419656,3,,
Stenløgletscher,73.2,-28.1667,glacier,GeoNames 3419653,3,,
Steno Bræ,69.85,-23.65,glacier,GeoNames 3419651,3,Steno Brae|Stenos Bra|Stenos Bræ|Stenos Glacier,
Stephan Gletscher,66.0833,-36.0167,glacier,GeoNames 3419647,3,,
Stjernen,82.4167,-49.1667,glacier,GeoNames 3419638,3,,
Storbræ,68.8333,-26.1167,glacier,GeoNames 3419634,3,Big Glacier|Storbrae,
Storbræen,69.6667,-52.8333,glacier,GeoNames 3419633,3,Large Glacier|Storbraeen,
Store Gletscher,70.4167,-50.5,glacier,GeoNames 3419622,3,Store Isbrae|Store Karajaks Isbrae|Store Karajaks Isbræ|Store Qarajaq Brae|Store Qarajaq Bræ,
Store Gletscher,76.5,-68.0,glacier,GeoNames 3831117,3,Great Land Brae|Great Land Gletscher,
Storebjørn,63.7167,-41.65,glacier,GeoNames 3419628,3,,
Storm Gletscher,78.15,-72.6667,glacier,GeoNames 3831116,3,,
Stormgletscher,75.6833,-22.6667,glacier,GeoNames 3419616,3,,
Storstrømmen,77.0,-22.6667,glacier,GeoNames 3419607,3,Great Stream Glacier|Storstrommen,
Styrtegletscher,68.6833,-32.4167,glacier,GeoNames 3419594,3,Syrtegletscher,
Suzanne Bræ,77.2,-24.25,glacier,GeoNames 3419549,3,,
Sverdrup Gletscher,75.6167,-58.05,glacier,GeoNames 3419538,3,Sverdrup Brae|Sverdrup Bræ,
Sydbræ,70.1167,-26.3833,glacier,GeoNames 3419527,3,South Glacier|Syd Gletscher|Sydbrae,
Sydgletscher,77.55,-68.75,glacier,GeoNames 3831111,3,South Fjord Gletscher,
Sælsø Gletscher,77.0833,-22.0,glacier,GeoNames 3426079,3,,
Søgletscher,77.2667,-20.65,glacier,GeoNames 3419736,3,,
Søndre Syenitgletscher,68.2667,-32.3333,glacier,GeoNames 3419713,3,,
Søndre Tvillinggletscher,76.7025,-67.0889,glacier,GeoNames 3831120,3,Sonder Tvillinggletscher|Sondre Tvillinggletscher|Sønder Tvillinggletscher,
Taateraat Sermiat,66.05,-52.3833,glacier,GeoNames 3419492,3,Taterat Brae|Taterat Glacier|Taterat Sermiat|Tâterât Sermiat,
Taggletscher,74.1833,-21.1333,glacier,GeoNames 3419488,3,,
Tapa,65.9667,-51.9667,glacier,GeoNames 3419453,3,,
Thomas Gletscher,83.35,-37.5833,glacier,GeoNames 3419341,3,,
Thrym Gletscher,63.5333,-42.0,glacier,GeoNames 3419332,3,,
Tikiuitsua,60.3,-43.6167,glacier,GeoNames 3419321,3,,
Tjalfe Gletscher,82.8333,-38.0,glacier,GeoNames 3419278,3,Tjalfes Gletscher,
Tjalfe Gletscher,63.6667,-41.15,glacier,GeoNames 3419279,3,,
Tjasses Gletscher,63.3333,-42.2167,glacier,GeoNames 3419277,3,,
Torvgletscher,70.0167,-23.3333,glacier,GeoNames 3419224,3,,
Tracy Gletscher,77.6586,-66.0369,glacier,GeoNames 3831099,3,Tracy Brae,
Tugto Gletscher,77.7692,-68.8522,glacier,GeoNames 3831095,3,Tuktu Brae|Tuktu Bræ,
Tungen,80.5667,-20.3167,glacier,GeoNames 3419163,3,,
Tunnelgletscher,76.8306,-66.9006,glacier,GeoNames 3831094,3,Tunnely Gletscher,
Tvegegletscher,74.85,-22.5,glacier,GeoNames 3419091,3,,
Twin Gletscher,77.5333,-68.6667,glacier,GeoNames 3831090,3,,
Tyndall Gletscher,77.1342,-70.7717,glacier,GeoNames 3831089,3,Tyndall Brae|Tyndall Bræ,
Ulimaatikajik,65.4833,-40.1167,glacier,GeoNames 3418986,3,Ulimautikajik,
Ulvesletten,82.0167,-51.8333,glacier,GeoNames 3418973,3,,
Umiammakku Isbræ,71.85,-52.25,glacier,GeoNames 3418959,3,Umiamako Isbra|Umiammakku Isbrae|Umimamako Brae|Umiámáko Isbræ,
Umingmak,65.85,-52.5333,glacier,GeoNames 3418936,3,,
Upernavik Isstrøm,72.9167,-54.5,glacier,GeoNames 3418908,3,Upernavik Isstrom|Upernaviks Isstrom|Upernaviks Isstrøm|Upernivik Brae|Upernivik Bræ,
Ussing Bræer,73.9167,-55.6,glacier,GeoNames 3418894,3,Ussing Braeer|Ussings Braer|Ussings Bræer|Ussings Glacier,
Usulluup Sermia,67.95,-50.25,glacier,GeoNames 3418885,3,Usugdlup Sermia|Usugdlûp Sermia,Poloniagletscher
Verhoeff Gletscher,77.8744,-69.9006,glacier,GeoNames 3831071,3,Verhoeff Brae|Verhoeff Bræ,
Vestre Borggletscher,70.1,-23.85,glacier,GeoNames 3418776,3,,
Vestre Spærregletscher,72.9333,-26.25,glacier,GeoNames 3418774,3,,
Vibeke Gletscher,74.2833,-24.05,glacier,GeoNames 3418772,3,,
Victor Madsen Gletscher,73.25,-28.8333,glacier,GeoNames 3418768,3,Victor Madsens Gletscher,
Vigge Gletscher,63.3333,-41.5,glacier,GeoNames 3418763,3,Viggey Gletscher,
Vikingebræ,72.1667,-25.1833,glacier,GeoNames 3418762,3,,
Vinduet,66.9333,-36.6833,glacier,GeoNames 3418757,3,,
Violingletscher,72.2667,-26.75,glacier,GeoNames 3418752,3,,
Wahlenberg Gletscher,72.5,-27.0833,glacier,GeoNames 3418744,3,Wahlbergs Gletscher|Wahlenbergs Gletscher,
Waltershausen Gletscher,73.9,-24.4167,glacier,GeoNames 3418739,3,Walterhausen Brae|Walterhausen Bræ,
Witzansky Gletscher,76.8567,-70.2856,glacier,GeoNames 3831064,3,,
Wordie Gletscher,74.25,-23.05,glacier,GeoNames 3418704,3,,
Ydun Gletscher,83.25,-28.1667,glacier,GeoNames 3418696,3,,
Ydun Gletscher,63.7167,-40.9833,glacier,GeoNames 3418697,3,Kokajatok,
Ygdrasil,63.3167,-42.2833,glacier,GeoNames 3418695,3,,
Ymer Gletscher,82.65,-36.0,glacier,GeoNames 3418693,3,Ymers Gletscher,
Yngvar Nielsen Gletscher,76.3347,-64.1378,glacier,GeoNames 3831057,3,Yngvar Nielsen Brae|Yngvar Nielsen Bræ,
Zachariae Isstrøm,78.9167,-21.1667,glacier,GeoNames 3418686,3,Zachariae Isstrom|Zachariaes Brae|Zachariaes Bræ,
Åge Nielsen Gletscher,70.6833,-21.8833,glacier,GeoNames 3424868,3,,
Øster Spærregletscher,72.9,-26.1333,glacier,GeoNames 3421216,3,,
Østgletscher,77.5667,-68.25,glacier,GeoNames 3831245,3,East Branch Brae|East Branch Bræ|East Branch Gletscher|East Gletscher|Ostgletscher,
Østre Borggletscher,70.0833,-23.5833,glacier,GeoNames 3421212,3,,
Øvre Rypegletscher,73.0167,-28.05,glacier,GeoNames 3421201,3,,
