geonameid,name,historical,note
3422808,Sermeq Kujalleq,Jakobshavn Isbræ,
3831392,Sermersuaq,Humboldt Gletscher,
3420295,Kangilliup Sermia,Rink Isbræ,Greenlandic name: Wikipedia (GeoNames has the old spelling Kangigdliup Sermia)
3424740,Akuliarutsip Sermerssua,Nordenskiølds Gletscher,
3422961,Isunnguata Sermia,Russell Glacier,
3831366,Iterdlagssûp Qíngua,Sun Gletscher,
3421104,Perlerfiup Sermia,Ingnerit Bræ,
3831228,Pinguarsuit Sermiat,Salisbury Gletscher,
3419903,Sermeq Silarleq,Itivdliarsuk Bræ,
3831409,Sermersuak,Harald Moltke Bræ,
3419941,Sermitsiaq,Dana Gletscher,
3418885,Usulluup Sermia,Poloniagletscher,
