route,years,mode,track,seq,date,lat,lon,site,place,source,quote,note
Nansen,1888,sledge,waypoints,1,1888-08-10,64.317,-40.600,Umivik,Umivik (last camp on the east coast; ice ascent from 15 Aug),"GeoNames 'Umiivik'; Nansen, Paa ski over Grønland (1890) p.372, 436",landede vi da endelig i tæt taage ved vor sidste teltplads paa Grønlands østkyst,bay position: Nansen gives no fix for the camp; Wikipedia 64.233 -40.600
Nansen,1888,sledge,waypoints,2,1888-09-26,64.217,-49.917,,Austmannadalen (head of Ameralik),"GeoNames 'Austmannadalen'; Nansen, The First Crossing of Greenland (1895)",On September 26 we had at last a reasonable expectation of reaching the fjord.,ice left at about 64°10'N on 24 Sep (latitude only)
Nansen,1888,sledge,waypoints,3,1888-10-03,64.183,-51.722,,Godthåb (Nuuk),"GeoNames 'Nuuk'; Nansen, The First Crossing of Greenland (1895)",,
Peary,1892,sledge,waypoints,1,1892-05-03,77.583,-70.167,Red Cliff House,Red Cliff House (McCormick Bay),"GeoNames 'Red Cliffs'; Peary, Northward over the Great Ice (1898) vol.1 p.82",Our position was 77° 40' N. Lat. and 70° 40' W. Long.,Peary's own fix is about 5' N and 25' W of the gazetteer position
Peary,1892,sledge,waypoints,2,1892-07-04,81.667,-33.167,Navy Cliff,Navy Cliff (Independence Bay; farthest point),GeoNames 'Navy Cliff'; Peary 1898 vol.1 pp.348-349,"fixing of the position of Observation Point as 81° 37' 5"" north latitude and 34° 5' west longitude",Peary's fix 81.618 -34.083 is about 3' S and 55' W of the gazetteer position
Danmark Expedition,1906–08,sledge,waypoints,1,1907-03-28,76.770,-18.685,Danmarkshavn,Danmarkshavn,"Higgins 2010, GEUS Bull. 21 ('Danmarkshavnhuset')",Danmarkshavnhuset 76Ø (76°46.2´N 18°41.1´W),start of the northern sledge journeys
Danmark Expedition,1906–08,sledge,waypoints,2,1907-04,80.197,-16.632,,Mallemukfjeld,"Higgins 2010, GEUS Bull. 21",Mallemukfjeld 80Ø-6 (80°11.8´N 16°37.9´W),
Danmark Expedition,1906–08,sledge,waypoints,3,1907-04,81.353,-11.505,,Nordostrundingen,"Higgins 2010, GEUS Bull. 21",Nordostrundingen 81Ø-71 (81°21.2´N 11°30.3´W),GeoNames 81.517 -12.133
Danmark Expedition,1906–08,sledge,waypoints,4,1907-05-28,82.067,-22.250,,Kap Rigsdagen (Koch and Mylius-Erichsen parties met),"GeoNames 'Kap Rigsdagen'; Mylius-Erichsen cairn report in Mikkelsen, Lost in the Arctic (1913) p.191","left the north-west point of this land (about 82° 04 N., 22° W.) on the 28th of May, 1907",
Danmark Expedition,1906–08,sledge,waypoints,5,1907-06-01,81.833,-31.517,,Kap Gletscher (Mylius-Erichsen's farthest west),GeoNames 'Kap Gletscher'; Mikkelsen 1913 p.191,"until the 1st of June, reaching Peary's Cape Glacier",Mylius Erichsen Varde 81.833 -31.583 agrees
Danmark Expedition,1906–08,sledge,waypoints,6,1907-09-12,81.417,-22.500,,Ulvebakkerne (Danmark Fjord),Mikkelsen 1913 p.186; GeoNames 'Ulvebakkerne',"Danmarks Fjord, 81° 25' N. 12th September, 1907.",
Danmark Expedition,1906–08,sledge,waypoints,7,1907-11,79.550,-21.000,,Nioghalvfjerdsfjorden (presumed death area of Mylius-Erichsen and Høeg Hagen),"Higgins 2010, GEUS Bull. 21; Brønlund's note in Mikkelsen 1913",Bodies of the others are in middle of Fjord off glacier,fjord reference point; bodies never found
Danmark Expedition,1906–08,sledge,waypoints,8,1907-11,79.155,-19.067,† Brønlund,Brønlunds Grav (Lambert Land),"Higgins 2010, GEUS Bull. 21",Brønlunds Grav 79Ø-4 (79°09.3´N 19°04.0´W),body found March 1908
Danmark Expedition,1906–08,sledge,waypoints,0,1907-05-12,83.417,-26.700,Kap Bridgman,Kap Bridgman (J.P. Koch's farthest north),GeoNames and Wikipedia 'Cape Bridgman',as far as Kap Bridgman (83°29´N),Higgins gives 83°29'N; Koch branch only
Koch–Wegener,1912–13,sledge,waypoints,1,1912-07-24,76.770,-18.670,,Danmarkshavn (landing),"Higgins 2010, GEUS Bull. 21",Danmarkshavn 76Ø-198 (76°46.2´N 18°40.2´W),GeoNames agrees
Koch–Wegener,1912–13,sledge,waypoints,2,1912-09,76.630,-21.662,,Kap Stop,"Higgins 2010, GEUS Bull. 21",Kap Stop 76Ø-113 (76°37.8´N 21°39.7´W),camp site
Koch–Wegener,1912–13,sledge,waypoints,3,1912-10-13,76.700,-22.400,Borg,Borg,"Higgins 2010, GEUS Bull. 21",Borg 76Ø (c. 76°42´N 22°24´W),approximate; station lost by calving
Koch–Wegener,1912–13,sledge,waypoints,4,1913-04,76.567,-24.455,,Farimagdalen,"Higgins 2010, GEUS Bull. 21",Farimagdalen 76Ø-128b (76°34.0´N 24°27.3´W),route via Wikipedia only
Koch–Wegener,1912–13,sledge,waypoints,5,1913-04,76.550,-24.800,,Kursbræ,"Higgins 2010, GEUS Bull. 21",Kursbræ 76Ø-129 (76°33.0´N 24°48.0´W),
Koch–Wegener,1912–13,sledge,waypoints,6,1913-07,72.600,-53.783,,Landfall at Lakse Elv,"Wikipedia, Danish Expedition to Queen Louise Land; Victor 1949, Arctic 2(3)",hit land at 72°36'N 53°47'W by the head of the Lakse Elv,single exact source; Victor: 72°30'N 54°W
Koch–Wegener,1912–13,sledge,waypoints,7,1913-07-11,72.500,-54.433,,Laksefjord,GeoNames (Eqalugaarsuit Sulluat),"On July 11, they crossed the Salmon Fiord",generic fjord point
Koch–Wegener,1912–13,sledge,waypoints,8,1913-07,72.380,-55.548,Prøven,Prøven (Kangersuatsiaq),GeoNames 72.37959 -55.54835,,AAC list 72°20'N 55°35'W
Wegener,1930–31,sledge,waypoints,1,1930-06-16,71.142,-51.222,,Fjord station (Qaamarujuk),"Abermann et al. 2023, Sci. Rep. 13",'fjord station' (FS) at 71°08′30″N 51°13′20″W,
Wegener,1930–31,sledge,waypoints,2,1930-09-21,71.206,-51.094,Weststation,Weststation,"Abermann et al. 2023, Sci. Rep. 13",'Weststation' (WS) at 71°12′22″N 51°5′40″W,PANGAEA.822942 within 3 km
Wegener,1930–31,sledge,waypoints,3,1930-10-30,71.180,-39.937,Eismitte,Eismitte,PANGAEA doi:10.1594/PANGAEA.604003; Loewe 1956 Polarforschung,"Eismitte (71°11'N, 39°57'W)",Fristrup 1959 70°54'N 40°42'W is near Station Centrale and looks erroneous
Wegener,1930–31,sledge,waypoints,0,1930-09,71.050,-24.250,,Oststation,"Higgins 2010, GEUS Bull. 21",Oststation 71Ø (c. 71°03´N 24°15´W),separate station off the route
EPF,1949–51,sledge,waypoints,1,1949-07-01,69.800,-50.250,,Port Victor,"Victor 1949, Arctic 2(3)","De Quervains Havn (69°48 N., 50°15 W.)",coastal base by Eqip Sermia
EPF,1949–51,sledge,waypoints,2,1949,69.700,-48.267,,Camp VI,"Fristrup 1959, Geogr. Tidsskr. 58","Camp VI (69° 42'N. and 48° 16'W., altitude 1.598 m.)",also 69°45'N 48°15'W
EPF,1949–51,sledge,waypoints,3,1949,70.900,-40.617,Station Centrale,Station Centrale,"Victor & Bauer 1960, J. Glaciol.","the correct position being lat. 70° 54' N., long. 40° 37' W.",resurveys agree within 2 km
EPF,1949–51,sledge,waypoints,4,1951,72.502,-27.872,,Cecilia Nunatak,"Higgins 2010, GEUS Bull. 21",Cecilia Nunatak 72Ø-412 (72°30.1´N 27°52.3´W),east end of traverse; year not verified
BAARA,1930–31,sledge,waypoints,1,1930-07-27,65.639,-38.638,,Base,"Watkins, Geogr. J. 76(5) 1930; Chapman, Geogr. J. 79(6) 1932","lat. N. 65° 38' 22"", long. W. 38° 38' 16""",
BAARA,1930–31,sledge,waypoints,2,1930-09-08,67.050,-41.817,Ice Cap Station,Ice Cap Station,"Chapman, Geogr. J. 79(6) 1932","The Ice Cap station was in lat. 67° 03' N., long. 41° 49' W.",Mirrlees 1932 agrees
